Time,cpu,mem,replica,responsetime
2020-07-17 10:36:43.181,0.07933108377322665,92766208.0,1.0,0.680893150000453
